a/a	LAT	LON	Soil_cond	k	crustal amplification file	input_file
1	40.63738	22.94587	soft-soil	0.044	crustal_amps_sample.txt	site_amps_d_klimis.txt
2	40.65412	22.92151	soft-soil	0.044	crustal_amps_sample.txt	site_amps_d_klimis.txt
3	40.58119	22.94848	soft-soil	0.044	crustal_amps_sample.txt	site_amps_d_klimis.txt
4	40.62849	22.95921	soft-soil	0.044	crustal_amps_sample.txt	site_amps_d_klimis.txt
5	40.62507	22.94949	soft-soil	0.044	crustal_amps_sample.txt	site_amps_d_klimis.txt
6	40.63182	22.96275	soft-soil	0.044	crustal_amps_sample.txt	site_amps_d_klimis.txt
7	40.63979	22.93426	soft-soil	0.044	crustal_amps_sample.txt	site_amps_d_klimis.txt
8	40.59492	22.95573	soft-soil	0.044	crustal_amps_sample.txt	site_amps_d_klimis.txt
9	40.63297	22.95291	soft-soil	0.044	crustal_amps_sample.txt	site_amps_d_klimis.txt
10	40.637	22.967	soft-soil	0.044	crustal_amps_sample.txt	site_amps_d_klimis.txt
11	40.614	22.953	soft-soil	0.044	crustal_amps_sample.txt	site_amps_d_klimis.txt
12	40.634	22.9401	soft-soil	0.044	crustal_amps_sample.txt	site_amps_d_klimis.txt
13	40.6292	22.9507	soft-soil	0.044	crustal_amps_sample.txt	site_amps_d_klimis.txt
14	40.6314	22.9668	soft-soil	0.044	crustal_amps_sample.txt	site_amps_d_klimis.txt
15	40.58166	22.9415	soft-soil	0.044	crustal_amps_sample.txt	site_amps_d_klimis.txt
16	40.58616	22.9415	soft-soil	0.044	crustal_amps_sample.txt	site_amps_d_klimis.txt
17	40.58339	22.946	soft-soil	0.044	crustal_amps_sample.txt	site_amps_d_klimis.txt
18	40.58062	22.9505	soft-soil	0.044	crustal_amps_sample.txt	site_amps_d_klimis.txt
19	40.58789	22.946	soft-soil	0.044	crustal_amps_sample.txt	site_amps_d_klimis.txt
20	40.58512	22.9505	soft-soil	0.044	crustal_amps_sample.txt	site_amps_d_klimis.txt
21	40.58235	22.955	soft-soil	0.044	crustal_amps_sample.txt	site_amps_d_klimis.txt
22	40.58962	22.9505	soft-soil	0.044	crustal_amps_sample.txt	site_amps_d_klimis.txt
23	40.58685	22.955	soft-soil	0.044	crustal_amps_sample.txt	site_amps_d_klimis.txt
24	40.58408	22.9595	soft-soil	0.044	crustal_amps_sample.txt	site_amps_d_klimis.txt
25	40.58131	22.964	soft-soil	0.044	crustal_amps_sample.txt	site_amps_d_klimis.txt
26	40.59412	22.9505	soft-soil	0.044	crustal_amps_sample.txt	site_amps_d_klimis.txt
27	40.59135	22.955	soft-soil	0.044	crustal_amps_sample.txt	site_amps_d_klimis.txt
28	40.58858	22.9595	soft-soil	0.044	crustal_amps_sample.txt	site_amps_d_klimis.txt
29	40.58581	22.964	soft-soil	0.044	crustal_amps_sample.txt	site_amps_d_klimis.txt
30	40.58305	22.9685	soft-soil	0.044	crustal_amps_sample.txt	site_amps_d_klimis.txt
31	40.58028	22.973	soft-soil	0.044	crustal_amps_sample.txt	site_amps_d_klimis.txt
32	40.59862	22.9505	soft-soil	0.044	crustal_amps_sample.txt	site_amps_d_klimis.txt
33	40.59585	22.955	soft-soil	0.044	crustal_amps_sample.txt	site_amps_d_klimis.txt
34	40.59308	22.9595	soft-soil	0.044	crustal_amps_sample.txt	site_amps_d_klimis.txt
35	40.59031	22.964	soft-soil	0.044	crustal_amps_sample.txt	site_amps_d_klimis.txt
36	40.58755	22.9685	soft-soil	0.044	crustal_amps_sample.txt	site_amps_d_klimis.txt
37	40.58478	22.973	soft-soil	0.044	crustal_amps_sample.txt	site_amps_d_klimis.txt
38	40.58201	22.9775	soft-soil	0.044	crustal_amps_sample.txt	site_amps_d_klimis.txt
39	40.60312	22.9505	soft-soil	0.044	crustal_amps_sample.txt	site_amps_d_klimis.txt
40	40.60035	22.955	soft-soil	0.044	crustal_amps_sample.txt	site_amps_d_klimis.txt
41	40.59758	22.9595	soft-soil	0.044	crustal_amps_sample.txt	site_amps_d_klimis.txt
42	40.59481	22.964	soft-soil	0.044	crustal_amps_sample.txt	site_amps_d_klimis.txt
43	40.59205	22.9685	soft-soil	0.044	crustal_amps_sample.txt	site_amps_d_klimis.txt
44	40.58928	22.973	soft-soil	0.044	crustal_amps_sample.txt	site_amps_d_klimis.txt
45	40.58651	22.9775	soft-soil	0.044	crustal_amps_sample.txt	site_amps_d_klimis.txt
46	40.58374	22.982	soft-soil	0.044	crustal_amps_sample.txt	site_amps_d_klimis.txt
47	40.58097	22.9865	soft-soil	0.044	crustal_amps_sample.txt	site_amps_d_klimis.txt
48	40.60762	22.9505	soft-soil	0.044	crustal_amps_sample.txt	site_amps_d_klimis.txt
49	40.60485	22.955	soft-soil	0.044	crustal_amps_sample.txt	site_amps_d_klimis.txt
50	40.60208	22.9595	soft-soil	0.044	crustal_amps_sample.txt	site_amps_d_klimis.txt
51	40.59931	22.964	soft-soil	0.044	crustal_amps_sample.txt	site_amps_d_klimis.txt
52	40.59655	22.9685	soft-soil	0.044	crustal_amps_sample.txt	site_amps_d_klimis.txt
53	40.59378	22.973	soft-soil	0.044	crustal_amps_sample.txt	site_amps_d_klimis.txt
54	40.59101	22.9775	soft-soil	0.044	crustal_amps_sample.txt	site_amps_d_klimis.txt
55	40.58824	22.982	soft-soil	0.044	crustal_amps_sample.txt	site_amps_d_klimis.txt
56	40.58547	22.9865	soft-soil	0.044	crustal_amps_sample.txt	site_amps_d_klimis.txt
57	40.5827	22.991	soft-soil	0.044	crustal_amps_sample.txt	site_amps_d_klimis.txt
58	40.61212	22.9505	soft-soil	0.044	crustal_amps_sample.txt	site_amps_d_klimis.txt
59	40.60935	22.955	soft-soil	0.044	crustal_amps_sample.txt	site_amps_d_klimis.txt
60	40.60658	22.9595	soft-soil	0.044	crustal_amps_sample.txt	site_amps_d_klimis.txt
61	40.60381	22.964	soft-soil	0.044	crustal_amps_sample.txt	site_amps_d_klimis.txt
62	40.60105	22.9685	soft-soil	0.044	crustal_amps_sample.txt	site_amps_d_klimis.txt
63	40.59828	22.973	soft-soil	0.044	crustal_amps_sample.txt	site_amps_d_klimis.txt
64	40.59551	22.9775	soft-soil	0.044	crustal_amps_sample.txt	site_amps_d_klimis.txt
65	40.59274	22.982	soft-soil	0.044	crustal_amps_sample.txt	site_amps_d_klimis.txt
66	40.58997	22.9865	soft-soil	0.044	crustal_amps_sample.txt	site_amps_d_klimis.txt
67	40.5872	22.991	soft-soil	0.044	crustal_amps_sample.txt	site_amps_d_klimis.txt
68	40.58443	22.9955	soft-soil	0.044	crustal_amps_sample.txt	site_amps_d_klimis.txt
69	40.58167	23	soft-soil	0.044	crustal_amps_sample.txt	site_amps_d_klimis.txt
70	40.61662	22.9505	soft-soil	0.044	crustal_amps_sample.txt	site_amps_d_klimis.txt
71	40.61385	22.955	soft-soil	0.044	crustal_amps_sample.txt	site_amps_d_klimis.txt
72	40.61108	22.9595	soft-soil	0.044	crustal_amps_sample.txt	site_amps_d_klimis.txt
73	40.60831	22.964	soft-soil	0.044	crustal_amps_sample.txt	site_amps_d_klimis.txt
74	40.60555	22.9685	soft-soil	0.044	crustal_amps_sample.txt	site_amps_d_klimis.txt
75	40.60278	22.973	soft-soil	0.044	crustal_amps_sample.txt	site_amps_d_klimis.txt
76	40.60001	22.9775	soft-soil	0.044	crustal_amps_sample.txt	site_amps_d_klimis.txt
77	40.59724	22.982	soft-soil	0.044	crustal_amps_sample.txt	site_amps_d_klimis.txt
78	40.59447	22.9865	soft-soil	0.044	crustal_amps_sample.txt	site_amps_d_klimis.txt
79	40.5917	22.991	soft-soil	0.044	crustal_amps_sample.txt	site_amps_d_klimis.txt
80	40.58893	22.9955	soft-soil	0.044	crustal_amps_sample.txt	site_amps_d_klimis.txt
81	40.58617	23	soft-soil	0.044	crustal_amps_sample.txt	site_amps_d_klimis.txt
82	40.64327	22.9145	soft-soil	0.044	crustal_amps_sample.txt	site_amps_d_klimis.txt
83	40.6405	22.919	soft-soil	0.044	crustal_amps_sample.txt	site_amps_d_klimis.txt
84	40.63773	22.9235	soft-soil	0.044	crustal_amps_sample.txt	site_amps_d_klimis.txt
85	40.62112	22.9505	soft-soil	0.044	crustal_amps_sample.txt	site_amps_d_klimis.txt
86	40.61835	22.955	soft-soil	0.044	crustal_amps_sample.txt	site_amps_d_klimis.txt
87	40.61558	22.9595	soft-soil	0.044	crustal_amps_sample.txt	site_amps_d_klimis.txt
88	40.61281	22.964	soft-soil	0.044	crustal_amps_sample.txt	site_amps_d_klimis.txt
89	40.61005	22.9685	soft-soil	0.044	crustal_amps_sample.txt	site_amps_d_klimis.txt
90	40.60728	22.973	soft-soil	0.044	crustal_amps_sample.txt	site_amps_d_klimis.txt
91	40.60451	22.9775	soft-soil	0.044	crustal_amps_sample.txt	site_amps_d_klimis.txt
92	40.60174	22.982	soft-soil	0.044	crustal_amps_sample.txt	site_amps_d_klimis.txt
93	40.59897	22.9865	soft-soil	0.044	crustal_amps_sample.txt	site_amps_d_klimis.txt
94	40.5962	22.991	soft-soil	0.044	crustal_amps_sample.txt	site_amps_d_klimis.txt
95	40.59343	22.9955	soft-soil	0.044	crustal_amps_sample.txt	site_amps_d_klimis.txt
96	40.59067	23	soft-soil	0.044	crustal_amps_sample.txt	site_amps_d_klimis.txt
97	40.64777	22.9145	soft-soil	0.044	crustal_amps_sample.txt	site_amps_d_klimis.txt
98	40.645	22.919	soft-soil	0.044	crustal_amps_sample.txt	site_amps_d_klimis.txt
99	40.64223	22.9235	soft-soil	0.044	crustal_amps_sample.txt	site_amps_d_klimis.txt
100	40.63946	22.928	soft-soil	0.044	crustal_amps_sample.txt	site_amps_d_klimis.txt
101	40.63669	22.9325	soft-soil	0.044	crustal_amps_sample.txt	site_amps_d_klimis.txt
102	40.63393	22.937	soft-soil	0.044	crustal_amps_sample.txt	site_amps_d_klimis.txt
103	40.63116	22.9415	soft-soil	0.044	crustal_amps_sample.txt	site_amps_d_klimis.txt
104	40.62839	22.946	soft-soil	0.044	crustal_amps_sample.txt	site_amps_d_klimis.txt
105	40.62562	22.9505	soft-soil	0.044	crustal_amps_sample.txt	site_amps_d_klimis.txt
106	40.62285	22.955	soft-soil	0.044	crustal_amps_sample.txt	site_amps_d_klimis.txt
107	40.62008	22.9595	soft-soil	0.044	crustal_amps_sample.txt	site_amps_d_klimis.txt
108	40.61731	22.964	soft-soil	0.044	crustal_amps_sample.txt	site_amps_d_klimis.txt
109	40.61455	22.9685	soft-soil	0.044	crustal_amps_sample.txt	site_amps_d_klimis.txt
110	40.61178	22.973	soft-soil	0.044	crustal_amps_sample.txt	site_amps_d_klimis.txt
111	40.60901	22.9775	soft-soil	0.044	crustal_amps_sample.txt	site_amps_d_klimis.txt
112	40.60624	22.982	soft-soil	0.044	crustal_amps_sample.txt	site_amps_d_klimis.txt
113	40.60347	22.9865	soft-soil	0.044	crustal_amps_sample.txt	site_amps_d_klimis.txt
114	40.6007	22.991	soft-soil	0.044	crustal_amps_sample.txt	site_amps_d_klimis.txt
115	40.59793	22.9955	soft-soil	0.044	crustal_amps_sample.txt	site_amps_d_klimis.txt
116	40.59517	23	soft-soil	0.044	crustal_amps_sample.txt	site_amps_d_klimis.txt
117	40.65227	22.9145	soft-soil	0.044	crustal_amps_sample.txt	site_amps_d_klimis.txt
118	40.6495	22.919	soft-soil	0.044	crustal_amps_sample.txt	site_amps_d_klimis.txt
119	40.64673	22.9235	soft-soil	0.044	crustal_amps_sample.txt	site_amps_d_klimis.txt
120	40.64396	22.928	soft-soil	0.044	crustal_amps_sample.txt	site_amps_d_klimis.txt
121	40.64119	22.9325	soft-soil	0.044	crustal_amps_sample.txt	site_amps_d_klimis.txt
122	40.63843	22.937	soft-soil	0.044	crustal_amps_sample.txt	site_amps_d_klimis.txt
123	40.63566	22.9415	soft-soil	0.044	crustal_amps_sample.txt	site_amps_d_klimis.txt
124	40.63289	22.946	soft-soil	0.044	crustal_amps_sample.txt	site_amps_d_klimis.txt
125	40.63012	22.9505	soft-soil	0.044	crustal_amps_sample.txt	site_amps_d_klimis.txt
126	40.62735	22.955	soft-soil	0.044	crustal_amps_sample.txt	site_amps_d_klimis.txt
127	40.62458	22.9595	soft-soil	0.044	crustal_amps_sample.txt	site_amps_d_klimis.txt
128	40.62181	22.964	soft-soil	0.044	crustal_amps_sample.txt	site_amps_d_klimis.txt
129	40.61905	22.9685	soft-soil	0.044	crustal_amps_sample.txt	site_amps_d_klimis.txt
130	40.61628	22.973	soft-soil	0.044	crustal_amps_sample.txt	site_amps_d_klimis.txt
131	40.61351	22.9775	soft-soil	0.044	crustal_amps_sample.txt	site_amps_d_klimis.txt
132	40.61074	22.982	soft-soil	0.044	crustal_amps_sample.txt	site_amps_d_klimis.txt
133	40.60797	22.9865	soft-soil	0.044	crustal_amps_sample.txt	site_amps_d_klimis.txt
134	40.6052	22.991	soft-soil	0.044	crustal_amps_sample.txt	site_amps_d_klimis.txt
135	40.60243	22.9955	soft-soil	0.044	crustal_amps_sample.txt	site_amps_d_klimis.txt
136	40.59967	23	soft-soil	0.044	crustal_amps_sample.txt	site_amps_d_klimis.txt
137	40.65677	22.9145	soft-soil	0.044	crustal_amps_sample.txt	site_amps_d_klimis.txt
138	40.654	22.919	soft-soil	0.044	crustal_amps_sample.txt	site_amps_d_klimis.txt
139	40.65123	22.9235	soft-soil	0.044	crustal_amps_sample.txt	site_amps_d_klimis.txt
140	40.64846	22.928	soft-soil	0.044	crustal_amps_sample.txt	site_amps_d_klimis.txt
141	40.64569	22.9325	soft-soil	0.044	crustal_amps_sample.txt	site_amps_d_klimis.txt
142	40.64293	22.937	soft-soil	0.044	crustal_amps_sample.txt	site_amps_d_klimis.txt
143	40.64016	22.9415	soft-soil	0.044	crustal_amps_sample.txt	site_amps_d_klimis.txt
144	40.63739	22.946	soft-soil	0.044	crustal_amps_sample.txt	site_amps_d_klimis.txt
145	40.63462	22.9505	soft-soil	0.044	crustal_amps_sample.txt	site_amps_d_klimis.txt
146	40.63185	22.955	soft-soil	0.044	crustal_amps_sample.txt	site_amps_d_klimis.txt
147	40.62908	22.9595	soft-soil	0.044	crustal_amps_sample.txt	site_amps_d_klimis.txt
148	40.62631	22.964	soft-soil	0.044	crustal_amps_sample.txt	site_amps_d_klimis.txt
149	40.62355	22.9685	soft-soil	0.044	crustal_amps_sample.txt	site_amps_d_klimis.txt
150	40.62078	22.973	soft-soil	0.044	crustal_amps_sample.txt	site_amps_d_klimis.txt
151	40.61801	22.9775	soft-soil	0.044	crustal_amps_sample.txt	site_amps_d_klimis.txt
152	40.61524	22.982	soft-soil	0.044	crustal_amps_sample.txt	site_amps_d_klimis.txt
153	40.61247	22.9865	soft-soil	0.044	crustal_amps_sample.txt	site_amps_d_klimis.txt
154	40.6097	22.991	soft-soil	0.044	crustal_amps_sample.txt	site_amps_d_klimis.txt
155	40.60693	22.9955	soft-soil	0.044	crustal_amps_sample.txt	site_amps_d_klimis.txt
156	40.60417	23	soft-soil	0.044	crustal_amps_sample.txt	site_amps_d_klimis.txt
157	40.66127	22.9145	soft-soil	0.044	crustal_amps_sample.txt	site_amps_d_klimis.txt
158	40.6585	22.919	soft-soil	0.044	crustal_amps_sample.txt	site_amps_d_klimis.txt
159	40.65573	22.9235	soft-soil	0.044	crustal_amps_sample.txt	site_amps_d_klimis.txt
160	40.65296	22.928	soft-soil	0.044	crustal_amps_sample.txt	site_amps_d_klimis.txt
161	40.65019	22.9325	soft-soil	0.044	crustal_amps_sample.txt	site_amps_d_klimis.txt
162	40.64743	22.937	soft-soil	0.044	crustal_amps_sample.txt	site_amps_d_klimis.txt
163	40.64466	22.9415	soft-soil	0.044	crustal_amps_sample.txt	site_amps_d_klimis.txt
164	40.64189	22.946	soft-soil	0.044	crustal_amps_sample.txt	site_amps_d_klimis.txt
165	40.63912	22.9505	soft-soil	0.044	crustal_amps_sample.txt	site_amps_d_klimis.txt
166	40.63635	22.955	soft-soil	0.044	crustal_amps_sample.txt	site_amps_d_klimis.txt
167	40.63358	22.9595	soft-soil	0.044	crustal_amps_sample.txt	site_amps_d_klimis.txt
168	40.63081	22.964	soft-soil	0.044	crustal_amps_sample.txt	site_amps_d_klimis.txt
169	40.62805	22.9685	soft-soil	0.044	crustal_amps_sample.txt	site_amps_d_klimis.txt
170	40.62528	22.973	soft-soil	0.044	crustal_amps_sample.txt	site_amps_d_klimis.txt
171	40.62251	22.9775	soft-soil	0.044	crustal_amps_sample.txt	site_amps_d_klimis.txt
172	40.61974	22.982	soft-soil	0.044	crustal_amps_sample.txt	site_amps_d_klimis.txt
173	40.61697	22.9865	soft-soil	0.044	crustal_amps_sample.txt	site_amps_d_klimis.txt
174	40.6142	22.991	soft-soil	0.044	crustal_amps_sample.txt	site_amps_d_klimis.txt
175	40.61143	22.9955	soft-soil	0.044	crustal_amps_sample.txt	site_amps_d_klimis.txt
176	40.60867	23	soft-soil	0.044	crustal_amps_sample.txt	site_amps_d_klimis.txt
177	40.66577	22.9145	soft-soil	0.044	crustal_amps_sample.txt	site_amps_d_klimis.txt
178	40.663	22.919	soft-soil	0.044	crustal_amps_sample.txt	site_amps_d_klimis.txt
179	40.66023	22.9235	soft-soil	0.044	crustal_amps_sample.txt	site_amps_d_klimis.txt
180	40.65746	22.928	soft-soil	0.044	crustal_amps_sample.txt	site_amps_d_klimis.txt
181	40.65469	22.9325	soft-soil	0.044	crustal_amps_sample.txt	site_amps_d_klimis.txt
182	40.65193	22.937	soft-soil	0.044	crustal_amps_sample.txt	site_amps_d_klimis.txt
183	40.64916	22.9415	soft-soil	0.044	crustal_amps_sample.txt	site_amps_d_klimis.txt
184	40.64639	22.946	soft-soil	0.044	crustal_amps_sample.txt	site_amps_d_klimis.txt
185	40.64362	22.9505	soft-soil	0.044	crustal_amps_sample.txt	site_amps_d_klimis.txt
186	40.64085	22.955	soft-soil	0.044	crustal_amps_sample.txt	site_amps_d_klimis.txt
187	40.63808	22.9595	soft-soil	0.044	crustal_amps_sample.txt	site_amps_d_klimis.txt
188	40.63531	22.964	soft-soil	0.044	crustal_amps_sample.txt	site_amps_d_klimis.txt
189	40.63255	22.9685	soft-soil	0.044	crustal_amps_sample.txt	site_amps_d_klimis.txt
190	40.62978	22.973	soft-soil	0.044	crustal_amps_sample.txt	site_amps_d_klimis.txt
191	40.62701	22.9775	soft-soil	0.044	crustal_amps_sample.txt	site_amps_d_klimis.txt
192	40.62424	22.982	soft-soil	0.044	crustal_amps_sample.txt	site_amps_d_klimis.txt
193	40.62147	22.9865	soft-soil	0.044	crustal_amps_sample.txt	site_amps_d_klimis.txt
194	40.6187	22.991	soft-soil	0.044	crustal_amps_sample.txt	site_amps_d_klimis.txt
195	40.61593	22.9955	soft-soil	0.044	crustal_amps_sample.txt	site_amps_d_klimis.txt
196	40.61317	23	soft-soil	0.044	crustal_amps_sample.txt	site_amps_d_klimis.txt
197	40.67027	22.9145	soft-soil	0.044	crustal_amps_sample.txt	site_amps_d_klimis.txt
198	40.6675	22.919	soft-soil	0.044	crustal_amps_sample.txt	site_amps_d_klimis.txt
199	40.66473	22.9235	soft-soil	0.044	crustal_amps_sample.txt	site_amps_d_klimis.txt
200	40.66196	22.928	soft-soil	0.044	crustal_amps_sample.txt	site_amps_d_klimis.txt
201	40.65919	22.9325	soft-soil	0.044	crustal_amps_sample.txt	site_amps_d_klimis.txt
202	40.65643	22.937	soft-soil	0.044	crustal_amps_sample.txt	site_amps_d_klimis.txt
203	40.65366	22.9415	soft-soil	0.044	crustal_amps_sample.txt	site_amps_d_klimis.txt
204	40.65089	22.946	soft-soil	0.044	crustal_amps_sample.txt	site_amps_d_klimis.txt
205	40.64812	22.9505	soft-soil	0.044	crustal_amps_sample.txt	site_amps_d_klimis.txt
206	40.64535	22.955	soft-soil	0.044	crustal_amps_sample.txt	site_amps_d_klimis.txt
207	40.64258	22.9595	soft-soil	0.044	crustal_amps_sample.txt	site_amps_d_klimis.txt
208	40.63981	22.964	soft-soil	0.044	crustal_amps_sample.txt	site_amps_d_klimis.txt
209	40.63705	22.9685	soft-soil	0.044	crustal_amps_sample.txt	site_amps_d_klimis.txt
210	40.63428	22.973	soft-soil	0.044	crustal_amps_sample.txt	site_amps_d_klimis.txt
211	40.63151	22.9775	soft-soil	0.044	crustal_amps_sample.txt	site_amps_d_klimis.txt
212	40.62874	22.982	soft-soil	0.044	crustal_amps_sample.txt	site_amps_d_klimis.txt
213	40.62597	22.9865	soft-soil	0.044	crustal_amps_sample.txt	site_amps_d_klimis.txt
214	40.6232	22.991	soft-soil	0.044	crustal_amps_sample.txt	site_amps_d_klimis.txt
215	40.62043	22.9955	soft-soil	0.044	crustal_amps_sample.txt	site_amps_d_klimis.txt
216	40.61767	23	soft-soil	0.044	crustal_amps_sample.txt	site_amps_d_klimis.txt
217	40.67477	22.9145	soft-soil	0.044	crustal_amps_sample.txt	site_amps_d_klimis.txt
218	40.672	22.919	soft-soil	0.044	crustal_amps_sample.txt	site_amps_d_klimis.txt
219	40.66923	22.9235	soft-soil	0.044	crustal_amps_sample.txt	site_amps_d_klimis.txt
220	40.66646	22.928	soft-soil	0.044	crustal_amps_sample.txt	site_amps_d_klimis.txt
221	40.66369	22.9325	soft-soil	0.044	crustal_amps_sample.txt	site_amps_d_klimis.txt
222	40.66093	22.937	soft-soil	0.044	crustal_amps_sample.txt	site_amps_d_klimis.txt
223	40.65816	22.9415	soft-soil	0.044	crustal_amps_sample.txt	site_amps_d_klimis.txt
224	40.65539	22.946	soft-soil	0.044	crustal_amps_sample.txt	site_amps_d_klimis.txt
225	40.65262	22.9505	soft-soil	0.044	crustal_amps_sample.txt	site_amps_d_klimis.txt
226	40.64985	22.955	soft-soil	0.044	crustal_amps_sample.txt	site_amps_d_klimis.txt
227	40.64708	22.9595	soft-soil	0.044	crustal_amps_sample.txt	site_amps_d_klimis.txt
228	40.64431	22.964	soft-soil	0.044	crustal_amps_sample.txt	site_amps_d_klimis.txt
229	40.64155	22.9685	soft-soil	0.044	crustal_amps_sample.txt	site_amps_d_klimis.txt
230	40.63878	22.973	soft-soil	0.044	crustal_amps_sample.txt	site_amps_d_klimis.txt
231	40.63601	22.9775	soft-soil	0.044	crustal_amps_sample.txt	site_amps_d_klimis.txt
232	40.63324	22.982	soft-soil	0.044	crustal_amps_sample.txt	site_amps_d_klimis.txt
233	40.63047	22.9865	soft-soil	0.044	crustal_amps_sample.txt	site_amps_d_klimis.txt
234	40.6277	22.991	soft-soil	0.044	crustal_amps_sample.txt	site_amps_d_klimis.txt
235	40.62493	22.9955	soft-soil	0.044	crustal_amps_sample.txt	site_amps_d_klimis.txt
236	40.62217	23	soft-soil	0.044	crustal_amps_sample.txt	site_amps_d_klimis.txt
237	40.67927	22.9145	soft-soil	0.044	crustal_amps_sample.txt	site_amps_d_klimis.txt
238	40.6765	22.919	soft-soil	0.044	crustal_amps_sample.txt	site_amps_d_klimis.txt
239	40.67373	22.9235	soft-soil	0.044	crustal_amps_sample.txt	site_amps_d_klimis.txt
240	40.67096	22.928	soft-soil	0.044	crustal_amps_sample.txt	site_amps_d_klimis.txt
241	40.66819	22.9325	soft-soil	0.044	crustal_amps_sample.txt	site_amps_d_klimis.txt
242	40.66543	22.937	soft-soil	0.044	crustal_amps_sample.txt	site_amps_d_klimis.txt
243	40.66266	22.9415	soft-soil	0.044	crustal_amps_sample.txt	site_amps_d_klimis.txt
244	40.65989	22.946	soft-soil	0.044	crustal_amps_sample.txt	site_amps_d_klimis.txt
245	40.65712	22.9505	soft-soil	0.044	crustal_amps_sample.txt	site_amps_d_klimis.txt
246	40.65435	22.955	soft-soil	0.044	crustal_amps_sample.txt	site_amps_d_klimis.txt
247	40.65158	22.9595	soft-soil	0.044	crustal_amps_sample.txt	site_amps_d_klimis.txt
248	40.64881	22.964	soft-soil	0.044	crustal_amps_sample.txt	site_amps_d_klimis.txt
249	40.64605	22.9685	soft-soil	0.044	crustal_amps_sample.txt	site_amps_d_klimis.txt
250	40.64328	22.973	soft-soil	0.044	crustal_amps_sample.txt	site_amps_d_klimis.txt
251	40.64051	22.9775	soft-soil	0.044	crustal_amps_sample.txt	site_amps_d_klimis.txt
252	40.63774	22.982	soft-soil	0.044	crustal_amps_sample.txt	site_amps_d_klimis.txt
253	40.63497	22.9865	soft-soil	0.044	crustal_amps_sample.txt	site_amps_d_klimis.txt
254	40.6322	22.991	soft-soil	0.044	crustal_amps_sample.txt	site_amps_d_klimis.txt
255	40.62943	22.9955	soft-soil	0.044	crustal_amps_sample.txt	site_amps_d_klimis.txt
256	40.62667	23	soft-soil	0.044	crustal_amps_sample.txt	site_amps_d_klimis.txt
257	40.67823	22.9235	soft-soil	0.044	crustal_amps_sample.txt	site_amps_d_klimis.txt
258	40.67546	22.928	soft-soil	0.044	crustal_amps_sample.txt	site_amps_d_klimis.txt
259	40.67269	22.9325	soft-soil	0.044	crustal_amps_sample.txt	site_amps_d_klimis.txt
260	40.66993	22.937	soft-soil	0.044	crustal_amps_sample.txt	site_amps_d_klimis.txt
261	40.66716	22.9415	soft-soil	0.044	crustal_amps_sample.txt	site_amps_d_klimis.txt
262	40.66439	22.946	soft-soil	0.044	crustal_amps_sample.txt	site_amps_d_klimis.txt
263	40.66162	22.9505	soft-soil	0.044	crustal_amps_sample.txt	site_amps_d_klimis.txt
264	40.65885	22.955	soft-soil	0.044	crustal_amps_sample.txt	site_amps_d_klimis.txt
265	40.65608	22.9595	soft-soil	0.044	crustal_amps_sample.txt	site_amps_d_klimis.txt
266	40.65331	22.964	soft-soil	0.044	crustal_amps_sample.txt	site_amps_d_klimis.txt
267	40.65055	22.9685	soft-soil	0.044	crustal_amps_sample.txt	site_amps_d_klimis.txt
268	40.64778	22.973	soft-soil	0.044	crustal_amps_sample.txt	site_amps_d_klimis.txt
269	40.64501	22.9775	soft-soil	0.044	crustal_amps_sample.txt	site_amps_d_klimis.txt
270	40.64224	22.982	soft-soil	0.044	crustal_amps_sample.txt	site_amps_d_klimis.txt
271	40.63947	22.9865	soft-soil	0.044	crustal_amps_sample.txt	site_amps_d_klimis.txt
272	40.6367	22.991	soft-soil	0.044	crustal_amps_sample.txt	site_amps_d_klimis.txt
273	40.63393	22.9955	soft-soil	0.044	crustal_amps_sample.txt	site_amps_d_klimis.txt
274	40.63117	23	soft-soil	0.044	crustal_amps_sample.txt	site_amps_d_klimis.txt
275	40.67996	22.928	soft-soil	0.044	crustal_amps_sample.txt	site_amps_d_klimis.txt
276	40.67719	22.9325	soft-soil	0.044	crustal_amps_sample.txt	site_amps_d_klimis.txt
277	40.67443	22.937	soft-soil	0.044	crustal_amps_sample.txt	site_amps_d_klimis.txt
278	40.67166	22.9415	soft-soil	0.044	crustal_amps_sample.txt	site_amps_d_klimis.txt
279	40.66889	22.946	soft-soil	0.044	crustal_amps_sample.txt	site_amps_d_klimis.txt
280	40.66612	22.9505	soft-soil	0.044	crustal_amps_sample.txt	site_amps_d_klimis.txt
281	40.66335	22.955	soft-soil	0.044	crustal_amps_sample.txt	site_amps_d_klimis.txt
282	40.66058	22.9595	soft-soil	0.044	crustal_amps_sample.txt	site_amps_d_klimis.txt
283	40.65781	22.964	soft-soil	0.044	crustal_amps_sample.txt	site_amps_d_klimis.txt
284	40.65505	22.9685	soft-soil	0.044	crustal_amps_sample.txt	site_amps_d_klimis.txt
285	40.65228	22.973	soft-soil	0.044	crustal_amps_sample.txt	site_amps_d_klimis.txt
286	40.64951	22.9775	soft-soil	0.044	crustal_amps_sample.txt	site_amps_d_klimis.txt
287	40.64674	22.982	soft-soil	0.044	crustal_amps_sample.txt	site_amps_d_klimis.txt
288	40.64397	22.9865	soft-soil	0.044	crustal_amps_sample.txt	site_amps_d_klimis.txt
289	40.6412	22.991	soft-soil	0.044	crustal_amps_sample.txt	site_amps_d_klimis.txt
290	40.63843	22.9955	soft-soil	0.044	crustal_amps_sample.txt	site_amps_d_klimis.txt
291	40.63567	23	soft-soil	0.044	crustal_amps_sample.txt	site_amps_d_klimis.txt
292	40.67893	22.937	soft-soil	0.044	crustal_amps_sample.txt	site_amps_d_klimis.txt
293	40.67616	22.9415	soft-soil	0.044	crustal_amps_sample.txt	site_amps_d_klimis.txt
294	40.67339	22.946	soft-soil	0.044	crustal_amps_sample.txt	site_amps_d_klimis.txt
295	40.67062	22.9505	soft-soil	0.044	crustal_amps_sample.txt	site_amps_d_klimis.txt
296	40.66785	22.955	soft-soil	0.044	crustal_amps_sample.txt	site_amps_d_klimis.txt
297	40.66508	22.9595	soft-soil	0.044	crustal_amps_sample.txt	site_amps_d_klimis.txt
298	40.66231	22.964	soft-soil	0.044	crustal_amps_sample.txt	site_amps_d_klimis.txt
299	40.65955	22.9685	soft-soil	0.044	crustal_amps_sample.txt	site_amps_d_klimis.txt
300	40.65678	22.973	soft-soil	0.044	crustal_amps_sample.txt	site_amps_d_klimis.txt
301	40.65401	22.9775	soft-soil	0.044	crustal_amps_sample.txt	site_amps_d_klimis.txt
302	40.65124	22.982	soft-soil	0.044	crustal_amps_sample.txt	site_amps_d_klimis.txt
303	40.64847	22.9865	soft-soil	0.044	crustal_amps_sample.txt	site_amps_d_klimis.txt
304	40.6457	22.991	soft-soil	0.044	crustal_amps_sample.txt	site_amps_d_klimis.txt
305	40.64293	22.9955	soft-soil	0.044	crustal_amps_sample.txt	site_amps_d_klimis.txt
306	40.64017	23	soft-soil	0.044	crustal_amps_sample.txt	site_amps_d_klimis.txt
307	40.67789	22.946	soft-soil	0.044	crustal_amps_sample.txt	site_amps_d_klimis.txt
308	40.67512	22.9505	soft-soil	0.044	crustal_amps_sample.txt	site_amps_d_klimis.txt
309	40.67235	22.955	soft-soil	0.044	crustal_amps_sample.txt	site_amps_d_klimis.txt
310	40.66958	22.9595	soft-soil	0.044	crustal_amps_sample.txt	site_amps_d_klimis.txt
311	40.66681	22.964	soft-soil	0.044	crustal_amps_sample.txt	site_amps_d_klimis.txt
312	40.66405	22.9685	soft-soil	0.044	crustal_amps_sample.txt	site_amps_d_klimis.txt
313	40.66128	22.973	soft-soil	0.044	crustal_amps_sample.txt	site_amps_d_klimis.txt
314	40.65851	22.9775	soft-soil	0.044	crustal_amps_sample.txt	site_amps_d_klimis.txt
315	40.65574	22.982	soft-soil	0.044	crustal_amps_sample.txt	site_amps_d_klimis.txt
316	40.65297	22.9865	soft-soil	0.044	crustal_amps_sample.txt	site_amps_d_klimis.txt
317	40.6502	22.991	soft-soil	0.044	crustal_amps_sample.txt	site_amps_d_klimis.txt
318	40.64743	22.9955	soft-soil	0.044	crustal_amps_sample.txt	site_amps_d_klimis.txt
319	40.64467	23	soft-soil	0.044	crustal_amps_sample.txt	site_amps_d_klimis.txt
320	40.67962	22.9505	soft-soil	0.044	crustal_amps_sample.txt	site_amps_d_klimis.txt
321	40.67685	22.955	soft-soil	0.044	crustal_amps_sample.txt	site_amps_d_klimis.txt
322	40.67408	22.9595	soft-soil	0.044	crustal_amps_sample.txt	site_amps_d_klimis.txt
323	40.67131	22.964	soft-soil	0.044	crustal_amps_sample.txt	site_amps_d_klimis.txt
324	40.66855	22.9685	soft-soil	0.044	crustal_amps_sample.txt	site_amps_d_klimis.txt
325	40.66578	22.973	soft-soil	0.044	crustal_amps_sample.txt	site_amps_d_klimis.txt
326	40.66301	22.9775	soft-soil	0.044	crustal_amps_sample.txt	site_amps_d_klimis.txt
327	40.66024	22.982	soft-soil	0.044	crustal_amps_sample.txt	site_amps_d_klimis.txt
328	40.65747	22.9865	soft-soil	0.044	crustal_amps_sample.txt	site_amps_d_klimis.txt
329	40.6547	22.991	soft-soil	0.044	crustal_amps_sample.txt	site_amps_d_klimis.txt
330	40.65193	22.9955	soft-soil	0.044	crustal_amps_sample.txt	site_amps_d_klimis.txt
331	40.64917	23	soft-soil	0.044	crustal_amps_sample.txt	site_amps_d_klimis.txt